Renault,vhigh,vhigh,3,2,small,low
Renault,vhigh,vhigh,3,2,small,med
Renault,vhigh,vhigh,3,2,med,high
Renault,vhigh,vhigh,3,5,small,med
Renault,vhigh,vhigh,4,2,small,high
Renault,vhigh,vhigh,4,2,big,high
Renault,vhigh,vhigh,4,4,big,med
Renault,vhigh,vhigh,4,4,big,high
Renault,vhigh,vhigh,5,4,small,med
Renault,vhigh,vhigh,5,5,small,high
Renault,vhigh,vhigh,5,5,med,med
Renault,vhigh,high,2,2,med,low
Renault,vhigh,high,2,4,med,med
Renault,vhigh,high,3,4,big,low
Renault,vhigh,high,3,4,big,med
Renault,vhigh,high,3,5,big,low
Renault,vhigh,high,4,2,big,med
Renault,vhigh,high,4,4,med,low
Renault,vhigh,high,4,5,big,low
Renault,vhigh,high,5,2,big,low
Renault,vhigh,high,5,5,small,high
Renault,vhigh,high,5,5,med,low
Renault,vhigh,med,2,4,small,med
Renault,vhigh,med,3,2,big,low
Renault,vhigh,med,4,2,small,med
Renault,vhigh,med,5,2,med,low
Renault,vhigh,med,5,2,big,high
Renault,vhigh,med,5,4,med,low
Renault,vhigh,low,2,5,med,high
Renault,vhigh,low,2,5,big,high
Renault,vhigh,low,3,2,med,low
Renault,vhigh,low,3,5,med,high
Renault,vhigh,low,3,5,big,high
Renault,vhigh,low,4,2,med,med
Renault,vhigh,low,4,5,big,med
Renault,high,vhigh,2,4,med,med
Renault,high,vhigh,2,4,big,med
Renault,high,vhigh,2,5,med,high
Renault,high,vhigh,3,5,med,low
Renault,high,vhigh,3,5,med,high
Renault,high,vhigh,4,2,big,low
Renault,high,vhigh,4,5,small,low
Renault,high,vhigh,5,4,med,med
Renault,high,vhigh,5,4,med,high
Renault,high,vhigh,5,4,big,med
Renault,high,high,2,2,big,med
Renault,high,high,2,4,big,med
Renault,high,high,3,2,big,high
Renault,high,high,3,4,med,high
Renault,high,high,3,5,small,high
Renault,high,high,4,2,med,high
Renault,high,high,5,2,small,high
Renault,high,high,5,5,big,low
Renault,high,high,5,5,big,med
Renault,high,med,2,2,med,med
Renault,high,med,2,2,med,high
Renault,high,med,2,2,big,high
Renault,high,med,2,5,small,med
Renault,high,med,2,5,big,high
Renault,high,med,3,2,small,high
Renault,high,med,3,4,med,high
Renault,high,med,3,5,med,med
Renault,high,med,4,2,med,high
Renault,high,med,4,2,big,med
Renault,high,med,4,4,med,med
Renault,high,med,5,4,med,high
Renault,high,med,5,5,small,high
Renault,high,low,2,4,med,high
Renault,high,low,3,2,small,low
Renault,high,low,3,4,med,med
Renault,high,low,4,5,small,med
Renault,high,low,4,5,med,low
Renault,high,low,4,5,med,high
Renault,med,vhigh,3,4,small,low
Renault,med,vhigh,3,4,med,med
Renault,med,vhigh,4,4,med,low
Renault,med,vhigh,4,5,med,med
Renault,med,vhigh,5,2,med,high
Renault,med,vhigh,5,4,med,low
Renault,med,vhigh,5,5,big,low
Renault,med,vhigh,5,5,big,med
Renault,med,high,2,2,med,high
Renault,med,high,2,5,small,low
Renault,med,high,2,5,small,high
Renault,med,high,2,5,med,med
Renault,med,high,2,5,big,med
Renault,med,high,3,2,med,high
Renault,med,high,4,2,small,high
Renault,med,high,4,2,med,med
Renault,med,high,4,4,big,low
Renault,med,high,5,4,small,med
Renault,med,med,2,2,med,high
Renault,med,med,2,4,big,high
Renault,med,med,2,5,med,low
Renault,med,med,2,5,big,low
Renault,med,med,3,5,small,high
Renault,med,med,3,5,big,low
Renault,med,med,4,2,med,med
Renault,med,med,4,5,med,med
Renault,med,med,5,2,big,med
Renault,med,med,5,4,small,high
Renault,med,low,2,2,med,low
Renault,med,low,2,4,med,med
Renault,med,low,3,2,med,low
Renault,med,low,3,2,big,low
Renault,med,low,3,4,small,med
Renault,med,low,3,4,med,med
Renault,med,low,3,4,med,high
Renault,med,low,3,4,big,high
Renault,med,low,3,5,small,low
Renault,med,low,3,5,med,low
Renault,med,low,3,5,big,high
Renault,med,low,4,4,small,high
Renault,med,low,4,5,big,med
Renault,med,low,4,5,big,high
Renault,med,low,5,4,med,high
Renault,low,vhigh,2,2,med,low
Renault,low,vhigh,2,4,small,low
Renault,low,vhigh,3,2,med,med
Renault,low,vhigh,3,4,small,high
Renault,low,vhigh,3,4,big,low
Renault,low,vhigh,3,5,big,med
Renault,low,vhigh,4,4,big,high
Renault,low,vhigh,5,2,med,low
Renault,low,vhigh,5,4,med,high
Renault,low,vhigh,5,5,small,med
Renault,low,vhigh,5,5,med,low
Renault,low,vhigh,5,5,med,high
Renault,low,high,2,4,big,med
Renault,low,high,3,4,small,low
Renault,low,high,5,4,big,med
Renault,low,high,5,5,small,high
Renault,low,high,5,5,big,high
Renault,low,med,2,2,med,low
Renault,low,med,2,2,big,med
Renault,low,med,2,4,med,med
Renault,low,med,3,2,small,low
Renault,low,med,4,2,med,high
Renault,low,med,5,2,big,low
Renault,low,med,5,4,small,med
Renault,low,low,2,2,med,med
Renault,low,low,2,4,small,high
Renault,low,low,2,5,small,med
Renault,low,low,2,5,med,low
Renault,low,low,2,5,big,high
Renault,low,low,3,2,small,low
Renault,low,low,3,4,big,low
Renault,low,low,3,5,med,low
Renault,low,low,4,5,small,low
Renault,low,low,4,5,small,high
Renault,low,low,5,5,small,med
Chevrolet,vhigh,vhigh,2,4,small,high
Chevrolet,vhigh,vhigh,2,4,med,med
Chevrolet,vhigh,vhigh,2,4,med,high
Chevrolet,vhigh,vhigh,2,5,big,low
Chevrolet,vhigh,vhigh,3,2,med,low
Chevrolet,vhigh,vhigh,3,4,small,low
Chevrolet,vhigh,vhigh,3,4,med,med
Chevrolet,vhigh,vhigh,4,4,small,med
Chevrolet,vhigh,vhigh,4,5,small,med
Chevrolet,vhigh,vhigh,5,2,med,low
Chevrolet,vhigh,vhigh,5,5,big,low
Chevrolet,vhigh,high,2,4,small,high
Chevrolet,vhigh,high,2,4,big,low
Chevrolet,vhigh,high,3,4,med,high
Chevrolet,vhigh,high,3,5,small,high
Chevrolet,vhigh,high,3,5,big,med
Chevrolet,vhigh,high,4,5,med,medRENAULT
Chevrolet,vhigh,high,5,4,small,med
Chevrolet,vhigh,high,5,4,med,med
Chevrolet,vhigh,high,5,4,big,high
Chevrolet,vhigh,med,2,4,big,low
Chevrolet,vhigh,med,2,4,big,med
Chevrolet,vhigh,med,3,2,med,low
Chevrolet,vhigh,med,3,2,med,high
Chevrolet,vhigh,med,3,4,small,low
Chevrolet,vhigh,med,3,4,small,high
Chevrolet,vhigh,med,3,4,big,med
Chevrolet,vhigh,med,3,5,small,med
Chevrolet,vhigh,med,4,2,med,med
Chevrolet,vhigh,med,4,2,med,high
Chevrolet,vhigh,med,5,2,big,low
Chevrolet,vhigh,med,5,2,big,med
Chevrolet,vhigh,med,5,4,small,low
Chevrolet,vhigh,med,5,4,med,high
Chevrolet,vhigh,med,5,4,big,med
Chevrolet,vhigh,med,5,5,med,med
Chevrolet,vhigh,med,5,5,big,high
Chevrolet,vhigh,low,2,2,small,high
Chevrolet,vhigh,low,2,2,med,med
Chevrolet,vhigh,low,2,5,med,med
Chevrolet,vhigh,low,3,4,small,high
Chevrolet,vhigh,low,3,4,med,high
Chevrolet,vhigh,low,3,5,big,low
Chevrolet,vhigh,low,4,2,big,med
Chevrolet,vhigh,low,4,4,small,high
Chevrolet,vhigh,low,4,5,small,high
Chevrolet,vhigh,low,4,5,med,high
Chevrolet,vhigh,low,4,5,big,low
Chevrolet,high,vhigh,2,2,med,high
Chevrolet,high,vhigh,2,4,med,low
Chevrolet,high,vhigh,2,4,big,high
Chevrolet,high,vhigh,3,5,big,med
Chevrolet,high,vhigh,4,2,med,high
Chevrolet,high,vhigh,4,5,small,high
Chevrolet,high,vhigh,5,4,med,low
Chevrolet,high,vhigh,5,4,big,high
Chevrolet,high,vhigh,5,5,med,high
Chevrolet,high,vhigh,5,5,big,med
Chevrolet,high,high,2,2,small,low
Chevrolet,high,high,2,5,med,med
Chevrolet,high,high,2,5,big,med
Chevrolet,high,high,3,2,med,med
Chevrolet,high,high,3,2,big,med
Chevrolet,high,high,3,4,small,low
Chevrolet,high,high,3,4,big,low
Chevrolet,high,high,4,2,med,med
Chevrolet,high,high,4,5,med,high
Chevrolet,high,high,4,5,big,high
Chevrolet,high,high,5,2,big,low
Chevrolet,high,high,5,5,med,high
Chevrolet,high,med,2,2,small,high
Chevrolet,high,med,2,4,big,med
Chevrolet,high,med,3,4,small,low
Chevrolet,high,med,3,5,big,high
Chevrolet,high,med,4,2,big,low
Chevrolet,high,med,4,4,med,high
Chevrolet,high,med,4,4,big,high
Chevrolet,high,low,2,4,small,low
Chevrolet,high,low,2,4,med,low
Chevrolet,high,low,3,2,small,med
Chevrolet,high,low,3,2,small,high
Chevrolet,high,low,3,5,small,high
Chevrolet,high,low,4,2,big,low
Chevrolet,high,low,4,4,med,med
Chevrolet,high,low,4,4,big,med
Chevrolet,high,low,5,2,small,med
Chevrolet,high,low,5,4,small,high
Chevrolet,high,low,5,5,med,low
Chevrolet,med,vhigh,2,4,small,low
Chevrolet,med,vhigh,3,4,big,high
Chevrolet,med,vhigh,4,2,big,low
Chevrolet,med,vhigh,4,5,med,high
Chevrolet,med,vhigh,5,2,small,med
Chevrolet,med,vhigh,5,4,small,low
Chevrolet,med,vhigh,5,4,small,med
Chevrolet,med,vhigh,5,4,small,high
Chevrolet,med,vhigh,5,4,big,low
Chevrolet,med,vhigh,5,5,small,high
Chevrolet,med,high,2,2,big,med
Chevrolet,med,high,2,5,med,high
Chevrolet,med,high,3,2,small,high
Chevrolet,med,high,3,2,med,low
Chevrolet,med,high,3,4,med,med
Chevrolet,med,high,3,4,big,med
Chevrolet,med,high,4,5,small,low
Chevrolet,med,high,4,5,small,med
Chevrolet,med,high,5,5,big,high
Chevrolet,med,med,2,2,big,med
Chevrolet,med,med,2,2,big,high
Chevrolet,med,med,2,5,small,high
Chevrolet,med,med,2,5,big,med
Chevrolet,med,med,3,2,small,med
Chevrolet,med,med,3,2,med,high
Chevrolet,med,med,3,2,big,med
Chevrolet,med,med,3,4,med,med
Chevrolet,med,med,3,4,big,low
Chevrolet,med,med,3,4,big,med
Chevrolet,med,med,3,5,med,high
Chevrolet,med,med,4,2,small,med
Chevrolet,med,med,4,2,med,low
Chevrolet,med,med,4,5,big,med
Chevrolet,med,med,5,2,small,low
Chevrolet,med,med,5,4,small,low
Chevrolet,med,low,2,2,small,med
Chevrolet,med,low,2,2,small,high
Chevrolet,med,low,2,4,small,low
Chevrolet,med,low,2,4,small,high
Chevrolet,med,low,2,5,small,high
Chevrolet,med,low,2,5,big,high
Chevrolet,med,low,3,2,small,low
Chevrolet,med,low,3,2,big,med
Chevrolet,med,low,3,4,small,high
Chevrolet,med,low,4,2,small,med
Chevrolet,med,low,4,5,med,med
Chevrolet,low,vhigh,3,2,big,high
Chevrolet,low,vhigh,4,5,big,high
Chevrolet,low,vhigh,5,2,small,low
Chevrolet,low,vhigh,5,2,big,med
Chevrolet,low,vhigh,5,4,small,med
Chevrolet,low,high,2,2,big,high
Chevrolet,low,high,2,4,small,med
Chevrolet,low,high,2,5,med,high
Chevrolet,low,high,3,2,small,low
Chevrolet,low,high,3,5,med,low
Chevrolet,low,high,3,5,big,med
Chevrolet,low,high,4,2,small,low
Chevrolet,low,high,4,2,med,med
Chevrolet,low,high,4,4,small,med
Chevrolet,low,high,4,4,big,high
Chevrolet,low,high,4,5,small,low
Chevrolet,low,high,4,5,big,low
Chevrolet,low,high,5,5,big,low
Chevrolet,low,med,2,4,big,med
Chevrolet,low,med,2,5,big,med
Chevrolet,low,med,3,2,med,med
Chevrolet,low,med,4,2,small,high
Chevrolet,low,med,4,2,med,low
Chevrolet,low,med,4,4,med,med
Chevrolet,low,med,4,5,med,high
Chevrolet,low,med,5,2,med,low
Chevrolet,low,med,5,4,med,high
Chevrolet,low,med,5,4,big,med
Chevrolet,low,low,2,4,big,high
Chevrolet,low,low,3,2,big,high
Chevrolet,low,low,3,5,med,high
Chevrolet,low,low,5,5,small,high
Chevrolet,low,low,5,5,med,high
For,vhigh,vhigh,3,4,big,med
Ford,vhigh,vhigh,4,2,med,high
Ford,vhigh,vhigh,5,5,small,med
Ford,vhigh,vhigh,5,5,big,high
Ford,vhigh,high,2,4,small,med
Ford,vhigh,high,3,2,small,high
Ford,vhigh,high,3,2,big,med
Ford,vhigh,high,3,4,small,med
Ford,vhigh,high,3,4,med,low
Ford,vhigh,high,4,2,small,med
Ford,vhigh,high,4,2,med,med
Ford,vhigh,high,4,5,small,med
Ford,vhigh,high,5,4,big,low
Ford,vhigh,med,2,2,med,med
Ford,vhigh,med,2,2,big,med
Ford,vhigh,med,2,4,med,med
Ford,vhigh,med,2,5,small,low
Ford,vhigh,med,3,2,small,low
Ford,vhigh,med,3,5,small,high
Ford,vhigh,med,3,5,med,low
Ford,vhigh,med,4,2,med,low
Ford,vhigh,med,5,2,med,high
Ford,vhigh,low,2,2,med,high
Ford,vhigh,low,2,4,small,med
Ford,vhigh,low,2,5,small,high
Ford,vhigh,low,3,2,big,med
Ford,vhigh,low,3,5,small,low
Ford,vhigh,low,3,5,med,med
Ford,vhigh,low,4,2,small,low
Ford,vhigh,low,4,2,small,med
Ford,vhigh,low,4,5,med,low
Ford,vhigh,low,5,2,small,low
Ford,high,vhigh,2,2,med,low
Ford,high,vhigh,2,4,small,low
Ford,high,vhigh,2,5,med,med
Ford,high,vhigh,2,5,big,low
Ford,high,vhigh,3,2,big,high
Ford,high,vhigh,3,5,big,high
Ford,high,vhigh,4,4,small,low
Ford,high,vhigh,4,4,small,high
Ford,high,vhigh,4,4,med,high
Ford,high,vhigh,4,4,big,med
Ford,high,vhigh,5,2,small,med
Ford,high,high,2,4,small,high
Ford,high,high,2,4,med,med
Ford,high,high,2,5,small,high
Ford,high,high,3,2,small,low
Ford,high,high,3,4,med,med
Ford,high,high,4,2,big,high
Ford,high,high,4,4,big,low
Ford,high,high,4,5,small,low
Ford,high,high,5,4,med,low
Ford,high,high,5,5,small,high
Ford,high,med,2,2,med,low
Ford,high,med,2,5,big,med
Ford,high,med,3,2,small,med
Ford,high,med,3,4,small,med
Ford,high,med,3,5,small,med
Ford,high,med,3,5,med,low
Ford,high,med,4,4,small,high
Ford,high,med,4,5,small,low
Ford,high,med,4,5,big,high
Ford,high,med,5,4,small,high
Ford,high,med,5,4,big,high
Ford,high,low,2,2,med,low
Ford,high,low,2,2,big,high
Ford,high,low,2,4,big,low
Ford,high,low,2,5,small,low
Ford,high,low,2,5,med,low
Ford,high,low,3,4,small,low
Ford,high,low,3,4,small,med
Ford,high,low,3,4,med,low
Ford,high,low,4,2,med,low
Ford,high,low,4,5,big,med
Ford,high,low,5,4,med,low
Ford,high,low,5,5,big,med
Ford,med,vhigh,2,2,big,low
Ford,med,vhigh,2,4,small,high
Ford,med,vhigh,2,4,med,med
Ford,med,vhigh,2,5,small,low
Ford,med,vhigh,2,5,big,high
Ford,med,vhigh,3,4,small,high
Ford,med,vhigh,3,4,big,low
Ford,med,vhigh,3,5,med,high
Ford,med,vhigh,3,5,big,low
Ford,med,vhigh,4,2,med,med
Ford,med,vhigh,4,2,med,high
Ford,med,vhigh,4,4,small,high
Ford,med,vhigh,4,4,med,high
Ford,med,vhigh,4,5,small,low
Ford,med,vhigh,5,4,med,med
Ford,med,vhigh,5,5,small,med
Ford,med,high,2,4,med,low
Ford,med,high,2,4,big,high
Ford,med,high,3,4,big,high
Ford,med,high,3,5,big,med
Ford,med,high,4,2,small,low
Ford,med,high,4,2,big,low
Ford,med,high,4,2,big,med
Ford,med,high,4,2,big,high
Ford,med,high,4,4,med,med
Ford,med,high,5,4,med,med
Ford,med,high,5,5,med,med
Ford,med,med,2,2,small,high
Ford,med,med,2,5,med,high
Ford,med,med,3,2,med,med
Ford,med,med,5,4,med,low
Ford,med,med,5,5,small,high
Ford,med,med,5,5,med,low
Ford,med,low,2,4,med,high
Ford,med,low,2,5,small,low
Ford,med,low,3,2,big,high
Ford,med,low,3,5,small,high
Ford,med,low,3,5,med,high
Ford,med,low,4,4,big,med
Ford,med,low,4,5,med,low
Ford,med,low,5,4,small,low
Ford,med,low,5,4,med,low
Ford,low,vhigh,2,2,med,med
Ford,low,vhigh,2,2,big,low
Ford,low,vhigh,2,4,big,low
Ford,low,vhigh,2,5,small,low
Ford,low,vhigh,3,2,med,low
Ford,low,vhigh,3,2,big,low
Ford,low,vhigh,3,4,med,low
Ford,low,vhigh,3,4,med,med
Ford,low,vhigh,3,5,small,low
Ford,low,vhigh,3,5,small,high
Ford,low,vhigh,4,4,med,high
Ford,low,vhigh,4,5,small,high
Ford,low,vhigh,5,2,small,med
Ford,low,vhigh,5,4,small,low
Ford,low,high,2,2,med,low
Ford,low,high,2,2,med,med
Ford,low,high,2,4,med,low
Ford,low,high,2,5,big,med
Ford,low,high,3,2,small,med
Ford,low,high,3,2,big,low
Ford,low,high,3,4,med,med
Ford,low,high,3,5,med,med
Ford,low,high,4,2,med,high
Ford,low,high,5,2,small,med
Ford,low,high,5,2,big,high
Ford,low,high,5,4,med,low
Ford,low,high,5,4,med,med
Ford,low,high,5,4,med,high
Ford,low,med,2,2,small,high
Ford,low,med,2,2,med,high
Ford,low,med,2,5,med,low
Ford,low,med,3,2,big,med
Ford,low,med,3,4,small,low
Ford,low,med,3,5,small,low
Ford,low,med,3,5,small,med
Ford,low,med,3,5,med,low
Ford,low,med,4,2,small,med
Ford,low,med,4,2,med,med
Ford,low,med,4,5,small,med
Ford,low,med,4,5,med,low
Ford,low,med,5,2,small,med
Ford,low,low,3,2,big,med
Ford,low,low,3,5,big,med
Ford,low,low,4,2,small,med
Ford,low,low,4,4,med,high
Ford,low,low,4,4,big,low
Ford,low,low,5,2,med,med
Ford,low,low,5,2,big,high
Ford,low,low,5,4,small,low
Ford,low,low,5,4,med,high
Ford,low,low,5,4,big,high
Ford,low,low,5,5,big,med
Gm,vhigh,vhigh,2,2,med,low
Gm,vhigh,vhigh,2,4,med,low
Gm,vhigh,vhigh,2,5,small,med
Gm,vhigh,vhigh,3,2,small,high
Gm,vhigh,vhigh,3,4,small,med
Gm,vhigh,vhigh,4,4,small,low
Gm,vhigh,vhigh,4,4,med,low
Gm,vhigh,vhigh,4,4,big,low
Gm,vhigh,vhigh,4,5,small,low
Gm,vhigh,vhigh,4,5,big,low
Gm,vhigh,vhigh,5,2,big,high
Gm,vhigh,vhigh,5,4,big,low
Gm,vhigh,vhigh,5,4,big,med
Gm,vhigh,high,2,2,med,high
Gm,vhigh,high,2,2,big,high
Gm,vhigh,high,2,5,med,high
Gm,vhigh,high,3,4,small,low
Gm,vhigh,high,4,2,med,high
Gm,vhigh,high,4,4,small,med
Gm,vhigh,high,4,4,small,high
Gm,vhigh,high,4,5,small,low
Gm,vhigh,high,5,2,med,med
Gm,vhigh,high,5,4,med,low
Gm,vhigh,high,5,5,med,med
Gm,vhigh,med,2,5,med,low
Gm,vhigh,med,2,5,big,med
Gm,vhigh,med,3,2,big,med
Gm,vhigh,med,3,5,big,med
Gm,vhigh,med,3,5,big,high
Gm,vhigh,med,4,2,big,low
Gm,vhigh,med,5,4,big,high
Gm,vhigh,low,2,2,med,low
Gm,vhigh,low,2,4,med,med
Gm,vhigh,low,2,4,big,low
Gm,vhigh,low,3,2,big,high
Gm,vhigh,low,3,4,big,med
Gm,vhigh,low,4,4,med,high
Gm,vhigh,low,5,2,small,med
Gm,vhigh,low,5,2,med,med
Gm,vhigh,low,5,2,med,high
Gm,vhigh,low,5,4,big,high
Gm,high,vhigh,3,2,small,med
Gm,high,vhigh,3,2,med,med
Gm,high,vhigh,3,2,med,high
Gm,high,vhigh,3,4,med,high
Gm,high,vhigh,4,2,big,med
Gm,high,vhigh,4,2,big,high
Gm,high,vhigh,4,4,med,low
Gm,high,vhigh,4,5,big,high
Gm,high,vhigh,5,2,small,low
Gm,high,vhigh,5,2,med,low
Gm,high,high,2,2,small,med
Gm,high,high,2,5,small,low
Gm,high,high,3,4,med,low
Gm,high,high,4,2,big,med
Gm,high,high,4,5,small,med
Gm,high,high,4,5,med,med
Gm,high,high,5,2,med,high
Gm,high,high,5,5,small,low
Gm,high,med,2,4,med,med
Gm,high,med,2,5,med,high
Gm,high,med,3,2,med,low
Gm,high,med,4,2,med,med
Gm,high,med,4,4,small,med
Gm,high,med,4,5,med,low
Gm,high,med,4,5,big,low
Gm,high,med,5,4,med,med
Gm,high,med,5,5,small,med
Gm,high,med,5,5,med,low
Gm,high,med,5,5,big,low
Gm,high,low,2,2,small,high
Gm,high,low,2,2,big,low
Gm,high,low,2,5,med,med
Gm,high,low,2,5,big,med
Gm,high,low,3,4,med,high
Gm,high,low,5,4,small,low
Gm,high,low,5,5,small,low
Gm,high,low,5,5,small,med
Gm,high,low,5,5,big,high
Gm,med,vhigh,2,4,med,low
Gm,med,vhigh,2,5,med,med
Gm,med,vhigh,3,2,big,med
Gm,med,vhigh,3,4,big,med
Gm,med,vhigh,4,4,big,high
Gm,med,vhigh,5,5,small,low
Gm,med,high,2,2,big,high
Gm,med,high,2,4,small,med
Gm,med,high,2,4,small,high
Gm,med,high,2,4,med,high
Gm,med,high,2,5,big,low
Gm,med,high,3,2,med,med
Gm,med,high,3,4,big,low
Gm,med,high,3,5,small,low
Gm,med,high,3,5,med,low
Gm,med,high,3,5,big,high
Gm,med,high,4,4,med,high
Gm,med,high,4,5,big,low
Gm,med,high,4,5,big,high
Gm,med,high,5,2,big,low
Gm,med,high,5,2,big,med
Gm,med,high,5,4,small,low
Gm,med,high,5,4,big,low
Gm,med,high,5,5,med,low
Gm,med,med,2,2,big,low
Gm,med,med,2,4,small,low
Gm,med,med,2,4,med,med
Gm,med,med,2,4,big,low
Gm,med,med,3,2,small,low
Gm,med,med,3,4,small,low
Gm,med,med,3,4,small,med
Gm,med,med,4,2,small,low
Gm,med,med,4,4,small,high
Gm,med,med,4,4,med,med
Gm,med,med,4,5,small,high
Gm,med,med,5,2,small,med
Gm,med,med,5,2,med,low
Gm,med,med,5,2,med,med
Gm,med,med,5,2,med,high
Gm,med,med,5,4,big,low
Gm,med,med,5,4,big,med
Gm,med,med,5,5,small,low
Gm,med,med,5,5,big,med
Gm,med,low,2,2,big,low
Gm,med,low,3,2,med,high
Gm,med,low,3,5,big,med
Gm,med,low,4,2,small,low
Gm,med,low,4,2,med,high
Gm,med,low,4,4,med,med
Gm,med,low,4,4,big,low
Gm,med,low,5,2,small,med
Gm,med,low,5,4,small,med
Gm,med,low,5,4,big,low
Gm,med,low,5,5,med,low
Gm,low,vhigh,2,2,big,high
Gm,low,vhigh,2,5,small,med
Gm,low,vhigh,3,2,small,low
Gm,low,vhigh,3,4,small,med
Gm,low,vhigh,3,5,small,med
Gm,low,vhigh,4,2,med,med
Gm,low,vhigh,4,5,med,low
Gm,low,vhigh,4,5,med,med
Gm,low,vhigh,5,2,small,high
Gm,low,vhigh,5,2,med,high
Gm,low,vhigh,5,4,small,high
Gm,low,vhigh,5,4,big,low
Gm,low,vhigh,5,4,big,high
Gm,low,vhigh,5,5,med,med
Gm,low,high,2,4,med,med
Gm,low,high,2,4,big,high
Gm,low,high,2,5,small,low
Gm,low,high,3,2,small,high
Gm,low,high,4,4,med,high
Gm,low,high,4,5,small,med
Gm,low,high,4,5,small,high
Gm,low,high,4,5,med,med
Gm,low,high,5,2,med,low
Gm,low,high,5,2,big,med
Gm,low,high,5,4,small,med
Gm,low,high,5,5,med,med
Gm,low,med,2,2,small,med
Gm,low,med,2,2,big,high
Gm,low,med,2,5,big,high
Gm,low,med,3,4,small,med
Gm,low,med,3,4,med,low
Gm,low,med,3,5,small,high
Gm,low,med,4,2,big,high
Gm,low,med,4,5,big,high
Gm,low,med,5,2,small,high
Gm,low,med,5,4,small,low
Gm,low,med,5,4,med,low
Gm,low,med,5,4,med,med
Gm,low,med,5,4,big,high
Gm,low,med,5,5,small,low
Gm,low,med,5,5,small,med
Gm,low,low,2,2,small,high
Gm,low,low,2,5,big,med
Gm,low,low,3,4,med,low
Gm,low,low,3,4,med,high
Gm,low,low,4,2,big,med
Gm,low,low,4,2,big,high
Gm,low,low,4,4,med,low
Gm,low,low,4,5,med,high
Gm,low,low,5,5,big,low
Gm,low,low,5,5,big,high
Audi,vhigh,vhigh,2,4,small,med
Audi,vhigh,vhigh,2,4,big,low
Audi,vhigh,vhigh,2,5,small,low
Audi,vhigh,vhigh,2,5,med,med
Audi,vhigh,vhigh,3,2,med,med
Audi,vhigh,vhigh,3,2,big,med
Audi,vhigh,vhigh,3,5,big,high
Audi,vhigh,vhigh,4,5,med,low
Audi,vhigh,vhigh,5,2,small,low
Audi,vhigh,vhigh,5,2,small,high
Audi,vhigh,vhigh,5,2,big,med
Audi,vhigh,high,2,2,small,high
Audi,vhigh,high,2,2,med,med
Audi,vhigh,high,2,4,med,high
Audi,vhigh,high,2,5,small,med
Audi,vhigh,high,2,5,small,high
Audi,vhigh,high,3,2,med,low
Audi,vhigh,high,3,5,med,med
Audi,vhigh,high,4,2,small,low
Audi,vhigh,high,4,2,big,high
Audi,vhigh,high,4,4,small,low
Audi,vhigh,high,4,5,small,high
Audi,vhigh,high,5,2,small,med
Audi,vhigh,high,5,2,med,low
Audi,vhigh,med,2,2,big,high
Audi,vhigh,med,2,5,small,high
Audi,vhigh,med,3,2,small,high
Audi,vhigh,med,4,2,small,low
Audi,vhigh,med,4,4,med,high
Audi,vhigh,med,4,5,med,med
Audi,vhigh,med,4,5,big,low
Audi,vhigh,med,4,5,big,high
Audi,vhigh,med,5,4,small,med
Audi,vhigh,med,5,5,small,low
Audi,vhigh,med,5,5,med,high
Audi,vhigh,med,5,5,big,med
Audi,vhigh,low,2,4,small,high
Audi,vhigh,low,2,4,big,high
Audi,vhigh,low,2,5,small,low
Audi,vhigh,low,3,2,small,low
Audi,vhigh,low,3,4,small,low
Audi,vhigh,low,3,4,small,med
Audi,vhigh,low,4,5,big,high
Audi,vhigh,low,5,2,med,low
Audi,vhigh,low,5,4,small,high
Audi,vhigh,low,5,4,med,high
Audi,high,vhigh,2,5,small,med
Audi,high,vhigh,3,2,small,low
Audi,high,vhigh,3,2,big,low
Audi,high,vhigh,3,4,small,high
Audi,high,vhigh,3,4,big,low
Audi,high,vhigh,4,5,med,high
Audi,high,vhigh,5,4,small,med
Audi,high,vhigh,5,4,big,low
Audi,high,vhigh,5,5,small,low
Audi,high,vhigh,5,5,small,high
Audi,high,high,2,2,small,high
Audi,high,high,2,4,small,low
Audi,high,high,2,5,med,low
Audi,high,high,2,5,med,high
Audi,high,high,3,4,small,med
Audi,high,high,3,5,big,med
Audi,high,high,4,2,small,low
Audi,high,high,4,2,small,med
Audi,high,high,4,4,small,high
Audi,high,high,5,2,med,med
Audi,high,high,5,4,med,med
Audi,high,high,5,5,med,med
Audi,high,med,2,5,med,med
Audi,high,med,3,2,big,med
Audi,high,med,3,4,big,high
Audi,high,med,3,5,med,high
Audi,high,med,3,5,big,med
Audi,high,med,4,2,small,med
Audi,high,med,4,2,small,high
Audi,high,med,4,5,small,med
Audi,high,med,4,5,big,med
Audi,high,med,5,2,med,low
Audi,high,med,5,4,small,low
Audi,high,med,5,5,med,high
Audi,high,low,2,2,small,med
Audi,high,low,2,5,small,med
Audi,high,low,2,5,big,high
Audi,high,low,3,4,big,low
Audi,high,low,4,5,small,low
Audi,high,low,4,5,big,low
Audi,high,low,5,2,med,low
Audi,med,vhigh,2,2,small,low
Audi,med,vhigh,2,2,small,high
Audi,med,vhigh,2,5,small,high
Audi,med,vhigh,2,5,big,low
Audi,med,vhigh,2,5,big,med
Audi,med,vhigh,3,2,small,high
Audi,med,vhigh,3,5,small,high
Audi,med,vhigh,3,5,med,med
Audi,med,vhigh,4,2,small,low
Audi,med,vhigh,4,4,big,med
Audi,med,vhigh,4,5,med,low
Audi,med,vhigh,5,2,small,low
Audi,med,vhigh,5,2,med,med
Audi,med,vhigh,5,2,big,low
Audi,med,vhigh,5,4,med,high
Audi,med,vhigh,5,4,big,med
Audi,med,high,2,4,big,med
Audi,med,high,3,4,small,med
Audi,med,high,4,4,big,high
Audi,med,high,4,5,med,high
Audi,med,high,5,2,small,low
Audi,med,high,5,2,small,med
Audi,med,high,5,4,med,low
Audi,med,high,5,4,big,med
Audi,med,high,5,5,med,high
Audi,med,med,2,2,small,low
Audi,med,med,2,4,big,med
Audi,med,med,3,2,big,low
Audi,med,med,3,4,small,high
Audi,med,med,3,4,med,low
Audi,med,med,3,5,small,low
Audi,med,med,3,5,big,med
Audi,med,med,4,2,big,med
Audi,med,med,4,5,small,med
Audi,med,med,5,4,small,med
Audi,med,med,5,4,big,high
Audi,med,med,5,5,small,med
Audi,med,med,5,5,med,high
Audi,med,med,5,5,big,low
Audi,med,low,2,2,med,high
Audi,med,low,2,2,big,high
Audi,med,low,2,4,med,low
Audi,med,low,2,5,med,low
Audi,med,low,2,5,big,med
Audi,med,low,3,2,small,med
Audi,med,low,3,2,small,high
Audi,med,low,3,2,med,med
Audi,med,low,3,4,small,low
Audi,med,low,3,4,big,med
Audi,med,low,4,2,small,high
Audi,med,low,4,5,small,high
Audi,med,low,5,2,big,med
Audi,med,low,5,4,med,med
Audi,med,low,5,4,big,med
Audi,low,vhigh,2,4,small,med
Audi,low,vhigh,2,5,big,high
Audi,low,vhigh,3,4,big,med
Audi,low,vhigh,3,5,med,med
Audi,low,vhigh,4,4,small,low
Audi,low,vhigh,5,5,small,low
Audi,low,high,2,2,small,low
Audi,low,high,2,4,big,low
Audi,low,high,2,5,small,med
Audi,low,high,3,5,small,med
Audi,low,high,3,5,small,high
Audi,low,high,3,5,big,low
Audi,low,high,4,2,med,low
Audi,low,high,4,4,small,low
Audi,low,high,4,4,med,med
Audi,low,high,4,4,big,med
Audi,low,high,5,2,med,med
Audi,low,high,5,5,small,med
Audi,low,med,2,2,small,low
Audi,low,med,2,4,small,low
Audi,low,med,2,4,small,med
Audi,low,med,2,5,med,med
Audi,low,med,2,5,med,high
Audi,low,med,3,2,small,high
Audi,low,med,3,5,big,med
Audi,low,med,4,4,small,low
Audi,low,med,4,4,big,high
Audi,low,med,4,5,small,low
Audi,low,med,5,2,big,med
Audi,low,med,5,2,big,high
Audi,low,low,2,2,med,low
Audi,low,low,2,4,small,med
Audi,low,low,2,4,med,high
Audi,low,low,2,4,big,low
Audi,low,low,3,2,small,med
Audi,low,low,3,4,small,low
Audi,low,low,4,2,med,low
Audi,low,low,4,2,med,med
Audi,low,low,4,4,small,high
Audi,low,low,5,4,med,low
Fiat,vhigh,vhigh,2,2,small,low
Fiat,vhigh,vhigh,2,4,small,low
Fiat,vhigh,vhigh,3,4,med,low
Fiat,vhigh,vhigh,3,4,big,high
Fiat,vhigh,vhigh,4,2,small,med
Fiat,vhigh,vhigh,4,2,big,med
Fiat,vhigh,vhigh,4,4,med,high
Fiat,vhigh,vhigh,4,5,big,high
Fiat,vhigh,vhigh,5,4,small,high
Fiat,vhigh,vhigh,5,4,med,med
Fiat,vhigh,high,2,2,big,low
Fiat,vhigh,high,2,2,big,med
Fiat,vhigh,high,3,2,small,low
Fiat,vhigh,high,4,4,big,high
Fiat,vhigh,high,4,5,med,low
Fiat,vhigh,high,4,5,big,med
Fiat,vhigh,high,5,4,small,low
Fiat,vhigh,high,5,5,big,high
Fiat,vhigh,med,2,2,small,low
Fiat,vhigh,med,2,5,med,med
Fiat,vhigh,med,2,5,big,low
Fiat,vhigh,med,2,5,big,high
Fiat,vhigh,med,3,4,med,low
Fiat,vhigh,med,4,4,med,low
Fiat,vhigh,med,4,4,big,low
Fiat,vhigh,med,4,5,big,med
Fiat,vhigh,med,5,2,small,low
Fiat,vhigh,med,5,2,med,med
Fiat,vhigh,low,2,2,small,med
Fiat,vhigh,low,2,4,small,low
Fiat,vhigh,low,2,4,med,high
Fiat,vhigh,low,3,5,med,low
Fiat,vhigh,low,3,5,big,med
Fiat,vhigh,low,4,2,big,low
Fiat,vhigh,low,4,4,big,low
Fiat,vhigh,low,4,5,small,med
Fiat,vhigh,low,5,5,big,low
Fiat,high,vhigh,2,2,small,low
Fiat,high,vhigh,2,2,big,med
Fiat,high,vhigh,2,4,small,med
Fiat,high,vhigh,2,4,med,high
Fiat,high,vhigh,2,4,big,low
Fiat,high,vhigh,2,5,med,low
Fiat,high,vhigh,3,4,med,med
Fiat,high,vhigh,3,5,big,low
Fiat,high,vhigh,4,2,small,high
Fiat,high,vhigh,4,4,big,low
Fiat,high,vhigh,4,5,big,med
Fiat,high,vhigh,5,2,small,high
Fiat,high,vhigh,5,2,big,med
Fiat,high,vhigh,5,5,small,med
Fiat,high,vhigh,5,5,med,low
Fiat,high,vhigh,5,5,med,med
Fiat,high,high,2,2,big,low
Fiat,high,high,2,4,med,low
Fiat,high,high,2,4,med,high
Fiat,high,high,2,5,big,high
Fiat,high,high,3,2,small,med
Fiat,high,high,3,2,med,high
Fiat,high,high,3,2,big,low
Fiat,high,high,3,5,small,med
Fiat,high,high,3,5,big,low
Fiat,high,high,3,5,big,high
Fiat,high,high,4,4,big,high
Fiat,high,high,5,2,small,med
Fiat,high,high,5,2,big,med
Fiat,high,high,5,4,small,high
Fiat,high,high,5,4,med,high
Fiat,high,high,5,4,big,med
Fiat,high,med,2,2,big,low
Fiat,high,med,2,2,big,med
Fiat,high,med,3,4,med,med
Fiat,high,med,3,4,big,med
Fiat,high,med,3,5,small,low
Fiat,high,med,3,5,small,high
Fiat,high,med,4,4,small,low
Fiat,high,med,5,2,big,med
Fiat,high,med,5,4,small,med
Fiat,high,low,2,2,med,high
Fiat,high,low,2,4,med,med
Fiat,high,low,2,4,big,high
Fiat,high,low,3,2,med,low
Fiat,high,low,3,2,big,low
Fiat,high,low,3,5,small,med
Fiat,high,low,4,4,small,high
Fiat,high,low,4,5,small,high
Fiat,high,low,5,2,small,high
Fiat,high,low,5,4,med,high
Fiat,high,low,5,4,big,low
Fiat,high,low,5,5,med,med
Fiat,high,low,5,5,big,low
Fiat,med,vhigh,2,2,med,low
Fiat,med,vhigh,2,2,big,med
Fiat,med,vhigh,2,2,big,high
Fiat,med,vhigh,3,4,small,med
Fiat,med,vhigh,4,2,small,high
Fiat,med,vhigh,4,4,small,med
Fiat,med,vhigh,4,4,med,med
Fiat,med,vhigh,4,5,small,med
Fiat,med,vhigh,5,2,med,low
Fiat,med,vhigh,5,2,big,med
Fiat,med,high,3,2,small,med
Fiat,med,high,3,2,big,high
Fiat,med,high,3,5,med,high
Fiat,med,high,5,2,small,high
Fiat,med,high,5,2,med,low
Fiat,med,high,5,2,med,high
Fiat,med,high,5,5,small,med
Fiat,med,high,5,5,small,high
Fiat,med,high,5,5,big,med
Fiat,med,med,2,4,small,high
Fiat,med,med,2,4,med,high
Fiat,med,med,2,5,small,med
Fiat,med,med,3,4,big,high
Fiat,med,med,4,2,big,high
Fiat,med,med,5,2,small,high
Fiat,med,med,5,4,med,high
Fiat,med,med,5,5,big,high
Fiat,med,low,2,2,small,low
Fiat,med,low,2,2,big,med
Fiat,med,low,2,4,small,med
Fiat,med,low,2,5,small,med
Fiat,med,low,3,5,med,med
Fiat,med,low,4,4,small,low
Fiat,med,low,4,4,big,high
Fiat,med,low,4,5,med,high
Fiat,med,low,5,2,small,low
Fiat,med,low,5,2,big,low
Fiat,med,low,5,5,med,high
Fiat,low,vhigh,2,2,big,med
Fiat,low,vhigh,2,4,med,med
Fiat,low,vhigh,2,5,small,high
Fiat,low,vhigh,2,5,big,med
Fiat,low,vhigh,3,4,small,low
Fiat,low,vhigh,3,5,med,high
Fiat,low,vhigh,4,2,med,high
Fiat,low,vhigh,4,2,big,high
Fiat,low,vhigh,4,4,small,high
Fiat,low,vhigh,4,4,med,med
Fiat,low,vhigh,4,4,big,med
Fiat,low,vhigh,5,2,med,med
Fiat,low,vhigh,5,4,med,med
Fiat,low,vhigh,5,5,big,high
Fiat,low,high,2,5,small,high
Fiat,low,high,4,2,big,med
Fiat,low,high,4,2,big,high
Fiat,low,high,5,2,small,low
Fiat,low,high,5,4,big,high
Fiat,low,med,2,4,small,high
Fiat,low,med,2,4,med,low
Fiat,low,med,2,5,small,med
Fiat,low,med,2,5,small,high
Fiat,low,med,3,2,med,high
Fiat,low,med,3,4,big,low
Fiat,low,med,3,4,big,high
Fiat,low,med,3,5,big,high
Fiat,low,med,4,2,small,low
Fiat,low,med,4,5,small,high
Fiat,low,med,4,5,big,low
Fiat,low,med,4,5,big,med
Fiat,low,med,5,5,med,low
Fiat,low,med,5,5,med,high
Fiat,low,low,2,2,small,low
Fiat,low,low,2,2,big,low
Fiat,low,low,2,5,med,high
Fiat,low,low,3,4,small,med
Fiat,low,low,3,5,big,high
Fiat,low,low,4,4,big,med
Fiat,low,low,4,5,med,low
Fiat,low,low,4,5,big,med
Fiat,low,low,5,2,small,low
Fiat,low,low,5,4,small,med
Fiat,low,low,5,4,med,med
Fiat,low,low,5,4,big,med
Fiat,low,low,5,5,med,low
Kia,vhigh,vhigh,2,2,med,med
Kia,vhigh,vhigh,2,5,small,high
Kia,vhigh,vhigh,3,2,big,high
Kia,vhigh,vhigh,3,4,small,high
Kia,vhigh,vhigh,3,5,med,high
Kia,vhigh,vhigh,3,5,big,low
Kia,vhigh,vhigh,4,2,small,low
Kia,vhigh,vhigh,4,2,med,low
Kia,vhigh,vhigh,4,2,big,low
Kia,vhigh,vhigh,4,5,med,high
Kia,vhigh,vhigh,4,5,big,med
Kia,vhigh,vhigh,5,2,med,med
Kia,vhigh,vhigh,5,4,med,high
Kia,vhigh,vhigh,5,4,big,high
Kia,vhigh,high,2,2,small,med
Kia,vhigh,high,2,4,big,high
Kia,vhigh,high,2,5,med,med
Kia,vhigh,high,2,5,big,med
Kia,vhigh,high,3,2,med,med
Kia,vhigh,high,3,2,med,high
Kia,vhigh,high,3,5,small,med
Kia,vhigh,high,4,4,big,low
Kia,vhigh,high,4,5,big,high
Kia,vhigh,high,5,2,med,high
Kia,vhigh,high,5,2,big,med
Kia,vhigh,high,5,5,small,low
Kia,vhigh,med,2,2,small,med
Kia,vhigh,med,2,2,small,high
Kia,vhigh,med,2,2,med,high
Kia,vhigh,med,2,2,big,low
Kia,vhigh,med,2,4,small,high
Kia,vhigh,med,2,4,med,low
Kia,vhigh,med,3,4,small,med
Kia,vhigh,med,3,4,med,high
Kia,vhigh,med,4,4,small,med
Kia,vhigh,med,4,5,small,med
Kia,vhigh,med,4,5,small,high
Kia,vhigh,med,5,4,small,high
Kia,vhigh,med,5,5,small,high
Kia,vhigh,low,2,2,big,med
Kia,vhigh,low,2,5,big,low
Kia,vhigh,low,2,5,big,med
Kia,vhigh,low,3,2,small,high
Kia,vhigh,low,3,2,med,med
Kia,vhigh,low,3,4,med,med
Kia,vhigh,low,3,4,big,low
Kia,vhigh,low,3,4,big,high
Kia,vhigh,low,4,4,small,low
Kia,vhigh,low,4,4,med,low
Kia,vhigh,low,4,5,small,low
Kia,vhigh,low,5,2,big,med
Kia,vhigh,low,5,4,small,low
Kia,vhigh,low,5,4,med,low
Kia,vhigh,low,5,5,small,high
Kia,vhigh,low,5,5,med,low
Kia,high,vhigh,2,2,small,med
Kia,high,vhigh,2,4,small,high
Kia,high,vhigh,3,2,small,high
Kia,high,vhigh,3,2,big,med
Kia,high,vhigh,4,4,med,med
Kia,high,vhigh,4,5,med,low
Kia,high,vhigh,4,5,med,med
Kia,high,vhigh,4,5,big,low
Kia,high,high,2,4,small,med
Kia,high,high,2,4,big,low
Kia,high,high,2,4,big,high
Kia,high,high,2,5,small,med
Kia,high,high,4,4,small,low
Kia,high,high,4,4,small,med
Kia,high,high,4,4,med,med
Kia,high,high,4,5,small,high
Kia,high,high,4,5,big,low
Kia,high,high,5,2,med,low
Kia,high,high,5,2,big,high
Kia,high,high,5,4,small,med
Kia,high,high,5,4,big,low
Kia,high,high,5,5,small,med
Kia,high,med,2,4,big,low
Kia,high,med,2,5,med,low
Kia,high,med,3,2,med,med
Kia,high,med,3,2,med,high
Kia,high,med,3,2,big,low
Kia,high,med,3,4,small,high
Kia,high,med,3,4,med,low
Kia,high,med,5,2,small,med
Kia,high,med,5,2,small,high
Kia,high,med,5,2,big,low
Kia,high,med,5,4,big,med
Kia,high,med,5,5,big,med
Kia,high,med,5,5,big,high
Kia,high,low,2,2,med,med
Kia,high,low,2,5,big,low
Kia,high,low,3,2,big,high
Kia,high,low,3,5,med,med
Kia,high,low,3,5,big,med
Kia,high,low,4,4,big,low
Kia,high,low,5,4,med,med
Kia,high,low,5,5,small,high
Kia,med,vhigh,2,4,big,med
Kia,med,vhigh,2,5,small,med
Kia,med,vhigh,3,2,small,low
Kia,med,vhigh,3,2,med,med
Kia,med,vhigh,3,2,big,low
Kia,med,vhigh,3,4,med,low
Kia,med,vhigh,4,2,small,med
Kia,med,vhigh,4,2,med,low
Kia,med,vhigh,4,5,big,high
Kia,med,vhigh,5,5,med,high
Kia,med,vhigh,5,5,big,high
Kia,med,high,2,2,small,high
Kia,med,high,2,4,small,low
Kia,med,high,2,4,med,med
Kia,med,high,3,5,med,med
Kia,med,high,4,2,med,high
Kia,med,high,4,4,small,low
Kia,med,high,4,5,med,med
Kia,med,high,5,2,big,high
Kia,med,high,5,4,small,high
Kia,med,high,5,4,med,high
Kia,med,med,2,2,med,low
Kia,med,med,2,5,med,med
Kia,med,med,3,2,small,high
Kia,med,med,3,4,med,high
Kia,med,med,4,2,med,high
Kia,med,med,4,2,big,low
Kia,med,med,4,4,med,low
Kia,med,med,4,5,small,low
Kia,med,med,4,5,big,high
Kia,med,med,5,2,big,high
Kia,med,med,5,4,med,med
Kia,med,low,2,4,big,low
Kia,med,low,3,4,big,low
Kia,med,low,4,2,med,med
Kia,med,low,4,2,big,low
Kia,med,low,4,5,small,med
Kia,med,low,5,2,med,high
Kia,med,low,5,2,big,high
Kia,med,low,5,5,small,med
Kia,med,low,5,5,small,high
Kia,med,low,5,5,big,low
Kia,low,vhigh,2,4,small,high
Kia,low,vhigh,2,4,big,high
Kia,low,vhigh,2,5,big,low
Kia,low,vhigh,3,2,small,high
Kia,low,vhigh,3,2,med,high
Kia,low,vhigh,4,2,big,med
Kia,low,vhigh,4,4,big,low
Kia,low,vhigh,4,5,small,low
Kia,low,vhigh,5,2,big,low
Kia,low,vhigh,5,2,big,high
Kia,low,vhigh,5,4,med,low
Kia,low,vhigh,5,4,big,med
Kia,low,vhigh,5,5,big,med
Kia,low,high,2,2,small,med
Kia,low,high,2,4,med,high
Kia,low,high,2,5,med,low
Kia,low,high,2,5,big,low
Kia,low,high,3,4,small,high
Kia,low,high,3,4,med,low
Kia,low,high,3,4,big,med
Kia,low,high,4,5,big,med
Kia,low,high,5,2,small,high
Kia,low,high,5,2,med,high
Kia,low,high,5,2,big,low
Kia,low,high,5,4,small,high
Kia,low,high,5,4,big,low
Kia,low,med,2,2,med,med
Kia,low,med,2,2,big,low
Kia,low,med,2,4,big,low
Kia,low,med,2,4,big,high
Kia,low,med,2,5,big,low
Kia,low,med,3,2,small,med
Kia,low,med,3,4,small,high
Kia,low,med,3,4,med,med
Kia,low,med,3,4,big,med
Kia,low,med,3,5,med,med
Kia,low,med,3,5,med,high
Kia,low,med,4,2,big,low
Kia,low,med,5,2,small,low
Kia,low,med,5,2,med,med
Kia,low,med,5,4,small,high
Kia,low,med,5,5,big,med
Kia,low,low,2,2,big,med
Kia,low,low,2,4,big,med
Kia,low,low,2,5,big,low
Kia,low,low,3,2,small,high
Kia,low,low,3,5,small,med
Kia,low,low,4,2,med,high
Kia,low,low,5,2,small,med
Kia,low,low,5,2,big,med
Kia,low,low,5,4,big,low
Kia,low,low,5,5,small,low
Kia,low,low,5,5,med,med
Nissan,vhigh,vhigh,2,2,big,low
Nissan,vhigh,vhigh,2,2,big,med
Nissan,vhigh,vhigh,2,2,big,high
Nissan,vhigh,vhigh,2,4,big,high
Nissan,vhigh,vhigh,2,5,med,low
Nissan,vhigh,vhigh,3,4,big,low
Nissan,vhigh,vhigh,3,5,small,low
Nissan,vhigh,vhigh,3,5,big,med
Nissan,vhigh,vhigh,4,5,small,high
Nissan,vhigh,vhigh,4,5,med,med
Nissan,vhigh,vhigh,5,4,small,low
Nissan,vhigh,vhigh,5,5,small,low
Nissan,vhigh,vhigh,5,5,med,high
Nissan,vhigh,high,2,5,small,low
Nissan,vhigh,high,2,5,med,low
Nissan,vhigh,high,2,5,big,low
Nissan,vhigh,high,3,2,small,med
Nissan,vhigh,high,3,4,small,high
Nissan,vhigh,high,3,4,big,high
Nissan,vhigh,high,3,5,small,low
Nissan,vhigh,high,3,5,med,low
Nissan,vhigh,high,4,2,small,high
Nissan,vhigh,high,4,2,med,low
Nissan,vhigh,high,4,2,big,low
Nissan,vhigh,high,4,4,med,med
Nissan,vhigh,high,4,4,big,med
Nissan,vhigh,high,5,2,small,high
Nissan,vhigh,high,5,4,small,high
Nissan,vhigh,high,5,5,small,med
Nissan,vhigh,high,5,5,med,high
Nissan,vhigh,high,5,5,big,low
Nissan,vhigh,med,2,4,small,low
Nissan,vhigh,med,2,4,med,high
Nissan,vhigh,med,2,4,big,high
Nissan,vhigh,med,2,5,med,high
Nissan,vhigh,med,3,2,med,med
Nissan,vhigh,med,3,5,small,low
Nissan,vhigh,med,3,5,med,med
Nissan,vhigh,med,3,5,big,low
Nissan,vhigh,med,4,4,small,low
Nissan,vhigh,med,4,4,med,med
Nissan,vhigh,med,4,5,med,low
Nissan,vhigh,med,5,4,med,med
Nissan,vhigh,low,2,2,small,low
Nissan,vhigh,low,2,4,med,low
Nissan,vhigh,low,2,5,med,low
Nissan,vhigh,low,3,2,big,low
Nissan,vhigh,low,4,4,big,med
Nissan,vhigh,low,5,2,big,low
Nissan,vhigh,low,5,2,big,high
Nissan,vhigh,low,5,4,small,med
Nissan,vhigh,low,5,5,small,med
Nissan,vhigh,low,5,5,big,med
Nissan,vhigh,low,5,5,big,high
Nissan,high,vhigh,2,2,small,high
Nissan,high,vhigh,2,2,big,low
Nissan,high,vhigh,2,5,small,low
Nissan,high,vhigh,2,5,big,med
Nissan,high,vhigh,3,4,small,low
Nissan,high,vhigh,3,4,big,med
Nissan,high,vhigh,3,5,small,high
Nissan,high,vhigh,3,5,med,med
Nissan,high,vhigh,4,2,small,low
Nissan,high,vhigh,4,2,small,med
Nissan,high,vhigh,4,2,med,low
Nissan,high,vhigh,5,2,big,low
Nissan,high,vhigh,5,2,big,high
Nissan,high,vhigh,5,4,small,low
Nissan,high,high,2,2,med,low
Nissan,high,high,2,2,med,med
Nissan,high,high,2,5,big,low
Nissan,high,high,3,2,small,high
Nissan,high,high,3,4,small,high
Nissan,high,high,4,2,med,low
Nissan,high,high,4,2,big,low
Nissan,high,high,4,4,med,high
Nissan,high,high,4,4,big,med
Nissan,high,high,5,4,big,high
Nissan,high,med,2,4,small,low
Nissan,high,med,2,4,med,high
Nissan,high,med,2,5,small,high
Nissan,high,med,3,5,big,low
Nissan,high,med,4,2,med,low
Nissan,high,med,4,4,big,med
Nissan,high,med,4,5,med,med
Nissan,high,med,5,2,med,high
Nissan,high,med,5,4,med,low
Nissan,high,med,5,4,big,low
Nissan,high,med,5,5,med,med
Nissan,high,low,2,4,small,med
Nissan,high,low,2,4,small,high
Nissan,high,low,2,5,small,high
Nissan,high,low,2,5,med,high
Nissan,high,low,3,2,med,high
Nissan,high,low,3,4,big,high
Nissan,high,low,4,2,small,med
Nissan,high,low,4,4,med,low
Nissan,high,low,4,4,med,high
Nissan,high,low,5,2,small,low
Nissan,high,low,5,2,med,high
Nissan,high,low,5,2,big,med
Nissan,high,low,5,2,big,high
Nissan,high,low,5,4,big,med
Nissan,med,vhigh,2,2,small,med
Nissan,med,vhigh,2,2,med,med
Nissan,med,vhigh,2,4,small,med
Nissan,med,vhigh,2,4,med,high
Nissan,med,vhigh,2,5,med,low
Nissan,med,vhigh,2,5,med,high
Nissan,med,vhigh,3,2,small,med
Nissan,med,vhigh,3,2,med,low
Nissan,med,vhigh,3,4,med,high
Nissan,med,vhigh,3,5,med,low
Nissan,med,vhigh,3,5,big,med
Nissan,med,vhigh,4,2,big,high
Nissan,med,vhigh,4,4,big,low
Nissan,med,vhigh,4,5,small,high
Nissan,med,high,2,2,small,med
Nissan,med,high,2,2,big,low
Nissan,med,high,2,5,small,med
Nissan,med,high,2,5,big,high
Nissan,med,high,3,4,med,low
Nissan,med,high,4,2,small,med
Nissan,med,high,4,4,small,high
Nissan,med,high,4,5,small,high
Nissan,med,high,4,5,big,med
Nissan,med,high,5,4,big,high
Nissan,med,high,5,5,big,low
Nissan,med,med,4,4,small,low
Nissan,med,med,4,4,med,high
Nissan,med,med,4,4,big,high
Nissan,med,med,5,2,big,low
Nissan,med,low,2,4,big,med
Nissan,med,low,2,5,med,med
Nissan,med,low,3,5,big,low
Nissan,med,low,4,2,med,low
Nissan,med,low,5,2,small,high
Nissan,med,low,5,2,med,med
Nissan,med,low,5,4,small,high
Nissan,med,low,5,5,big,high
Nissan,low,vhigh,2,2,small,low
Nissan,low,vhigh,2,2,small,med
Nissan,low,vhigh,2,4,big,med
Nissan,low,vhigh,2,5,med,high
Nissan,low,vhigh,3,4,med,high
Nissan,low,vhigh,3,4,big,high
Nissan,low,vhigh,3,5,big,high
Nissan,low,vhigh,4,2,small,high
Nissan,low,vhigh,4,2,med,low
Nissan,low,vhigh,4,4,small,med
Nissan,low,vhigh,4,5,small,med
Nissan,low,vhigh,4,5,big,med
Nissan,low,vhigh,5,5,big,low
Nissan,low,high,2,5,med,med
Nissan,low,high,3,2,med,low
Nissan,low,high,3,2,med,med
Nissan,low,high,3,2,big,med
Nissan,low,high,3,4,med,high
Nissan,low,high,3,5,med,high
Nissan,low,high,3,5,big,high
Nissan,low,high,4,2,small,med
Nissan,low,high,4,2,big,low
Nissan,low,high,4,4,small,high
Nissan,low,high,4,5,med,low
Nissan,low,high,4,5,med,high
Nissan,low,high,5,4,small,low
Nissan,low,med,2,5,small,low
Nissan,low,med,3,2,big,low
Nissan,low,med,4,4,med,low
Nissan,low,med,5,5,big,low
Nissan,low,low,2,2,med,high
Nissan,low,low,2,2,big,high
Nissan,low,low,2,4,med,low
Nissan,low,low,2,4,med,med
Nissan,low,low,2,5,small,low
Nissan,low,low,2,5,small,high
Nissan,low,low,3,4,small,high
Nissan,low,low,3,4,med,med
Nissan,low,low,4,4,big,high
Nissan,low,low,5,2,med,high
Nissan,low,low,5,2,big,low
Subaru,vhigh,vhigh,2,2,med,high
Subaru,vhigh,vhigh,2,5,big,med
Subaru,vhigh,vhigh,2,5,big,high
Subaru,vhigh,vhigh,3,4,med,high
Subaru,vhigh,vhigh,3,5,small,high
Subaru,vhigh,vhigh,3,5,med,med
Subaru,vhigh,vhigh,4,4,med,med
Subaru,vhigh,vhigh,5,2,small,med
Subaru,vhigh,vhigh,5,4,med,low
Subaru,vhigh,vhigh,5,5,big,med
Subaru,vhigh,high,2,2,small,low
Subaru,vhigh,high,2,4,small,low
Subaru,vhigh,high,2,4,med,low
Subaru,vhigh,high,2,5,big,high
Subaru,vhigh,high,3,4,med,med
Subaru,vhigh,high,3,5,med,high
Subaru,vhigh,high,3,5,big,high
Subaru,vhigh,high,4,4,med,high
Subaru,vhigh,high,4,5,med,high
Subaru,vhigh,high,5,2,small,low
Subaru,vhigh,high,5,2,big,high
Subaru,vhigh,high,5,4,big,med
Subaru,vhigh,med,2,2,med,low
Subaru,vhigh,med,2,5,small,med
Subaru,vhigh,med,3,4,big,low
Subaru,vhigh,med,4,2,small,high
Subaru,vhigh,med,4,2,big,med
Subaru,vhigh,med,4,2,big,high
Subaru,vhigh,med,4,4,big,med
Subaru,vhigh,med,4,4,big,high
Subaru,vhigh,med,4,5,med,high
Subaru,vhigh,med,5,2,small,med
Subaru,vhigh,med,5,2,small,high
Subaru,vhigh,med,5,5,small,med
Subaru,vhigh,med,5,5,med,low
Subaru,vhigh,med,5,5,big,low
Subaru,vhigh,low,2,4,big,med
Subaru,vhigh,low,3,2,small,med
Subaru,vhigh,low,3,4,med,low
Subaru,vhigh,low,3,5,small,med
Subaru,vhigh,low,3,5,small,high
Subaru,vhigh,low,4,2,small,high
Subaru,vhigh,low,4,2,med,low
Subaru,vhigh,low,4,4,small,med
Subaru,vhigh,low,4,4,med,med
Subaru,vhigh,low,4,4,big,high
Subaru,vhigh,low,5,2,small,high
Subaru,vhigh,low,5,5,small,low
Subaru,vhigh,low,5,5,med,med
Subaru,high,vhigh,2,2,med,med
Subaru,high,vhigh,3,5,small,low
Subaru,high,vhigh,4,2,med,med
Subaru,high,vhigh,4,4,small,med
Subaru,high,vhigh,4,5,small,med
Subaru,high,vhigh,5,4,small,high
Subaru,high,vhigh,5,5,big,low
Subaru,high,vhigh,5,5,big,high
Subaru,high,high,2,2,med,high
Subaru,high,high,2,2,big,high
Subaru,high,high,3,2,med,low
Subaru,high,high,3,4,big,high
Subaru,high,high,3,5,med,low
Subaru,high,high,3,5,med,med
Subaru,high,high,4,2,small,high
Subaru,high,high,4,5,big,med
Subaru,high,high,5,5,med,low
Subaru,high,med,2,2,small,low
Subaru,high,med,2,4,small,med
Subaru,high,med,2,4,small,high
Subaru,high,med,2,4,big,high
Subaru,high,med,2,5,big,low
Subaru,high,med,3,4,big,low
Subaru,high,med,4,2,small,low
Subaru,high,med,4,4,big,low
Subaru,high,med,4,5,small,high
Subaru,high,med,5,2,med,med
Subaru,high,med,5,2,big,high
Subaru,high,low,2,2,small,low
Subaru,high,low,2,4,big,med
Subaru,high,low,3,2,med,med
Subaru,high,low,3,4,small,high
Subaru,high,low,3,5,small,low
Subaru,high,low,3,5,med,high
Subaru,high,low,3,5,big,low
Subaru,high,low,3,5,big,high
Subaru,high,low,4,2,med,med
Subaru,high,low,4,2,med,high
Subaru,high,low,4,2,big,med
Subaru,high,low,4,2,big,high
Subaru,high,low,4,4,small,low
Subaru,high,low,4,4,small,med
Subaru,high,low,5,2,med,med
Subaru,high,low,5,2,big,low
Subaru,high,low,5,4,small,med
Subaru,high,low,5,4,big,high
Subaru,high,low,5,5,med,high
Subaru,med,vhigh,2,2,med,high
Subaru,med,vhigh,2,4,big,low
Subaru,med,vhigh,3,2,med,high
Subaru,med,vhigh,3,2,big,high
Subaru,med,vhigh,3,5,small,low
Subaru,med,vhigh,4,2,big,med
Subaru,med,vhigh,4,5,big,low
Subaru,med,vhigh,5,2,big,high
Subaru,med,high,2,2,med,med
Subaru,med,high,2,4,big,low
Subaru,med,high,3,2,small,low
Subaru,med,high,3,2,big,low
Subaru,med,high,3,2,big,med
Subaru,med,high,3,5,small,med
Subaru,med,high,4,4,med,low
Subaru,med,high,4,4,big,med
Subaru,med,med,2,2,small,med
Subaru,med,med,2,4,small,med
Subaru,med,med,2,5,small,low
Subaru,med,med,3,5,small,med
Subaru,med,med,3,5,med,low
Subaru,med,med,3,5,med,med
Subaru,med,med,4,4,big,low
Subaru,med,med,4,5,big,low
Subaru,med,low,2,2,med,med
Subaru,med,low,2,5,med,high
Subaru,med,low,3,5,small,med
Subaru,med,low,4,2,big,med
Subaru,med,low,4,4,med,low
Subaru,med,low,4,4,med,high
Subaru,med,low,5,5,med,med
Subaru,med,low,5,5,big,med
Subaru,low,vhigh,2,2,small,high
Subaru,low,vhigh,2,4,med,high
Subaru,low,vhigh,3,2,big,med
Subaru,low,vhigh,3,5,big,low
Subaru,low,vhigh,4,2,small,low
Subaru,low,high,2,2,med,high
Subaru,low,high,2,4,small,low
Subaru,low,high,2,5,big,high
Subaru,low,high,3,2,med,high
Subaru,low,high,3,2,big,high
Subaru,low,high,3,4,big,low
Subaru,low,high,4,2,small,high
Subaru,low,high,5,5,med,low
Subaru,low,med,3,2,med,low
Subaru,low,med,3,4,med,high
Subaru,low,med,4,4,small,med
Subaru,low,med,4,4,small,high
Subaru,low,med,4,4,big,med
Subaru,low,med,4,5,med,med
Subaru,low,med,5,2,med,high
Subaru,low,med,5,5,med,med
Subaru,low,low,3,2,med,high
Subaru,low,low,3,2,big,low
Subaru,low,low,3,4,big,med
Subaru,low,low,3,5,small,high
Subaru,low,low,4,4,small,med
Subaru,low,low,4,5,small,med
Subaru,low,low,4,5,med,med
Subaru,low,low,4,5,big,low
Subaru,low,low,5,2,small,high
Peugeot,vhigh,vhigh,2,2,small,med
Peugeot,vhigh,vhigh,2,2,small,high
Peugeot,vhigh,vhigh,2,4,big,med
Peugeot,vhigh,vhigh,2,5,med,high
Peugeot,vhigh,vhigh,3,2,big,low
Peugeot,vhigh,vhigh,3,5,med,low
Peugeot,vhigh,vhigh,4,2,med,med
Peugeot,vhigh,vhigh,4,4,small,high
Peugeot,vhigh,vhigh,5,2,med,high
Peugeot,vhigh,vhigh,5,2,big,low
Peugeot,vhigh,vhigh,5,5,med,low
Peugeot,vhigh,high,2,4,big,med
Peugeot,vhigh,high,3,2,big,low
Peugeot,vhigh,high,3,2,big,high
Peugeot,vhigh,high,5,4,med,high
Peugeot,vhigh,high,5,5,big,med
Peugeot,vhigh,med,3,2,small,med
Peugeot,vhigh,med,3,2,big,high
Peugeot,vhigh,med,3,4,med,med
Peugeot,vhigh,med,3,4,big,high
Peugeot,vhigh,med,3,5,med,high
Peugeot,vhigh,med,4,4,small,high
Peugeot,vhigh,med,4,5,small,low
Peugeot,vhigh,med,5,4,big,low
Peugeot,vhigh,low,2,2,big,low
Peugeot,vhigh,low,2,2,big,high
Peugeot,vhigh,low,2,5,small,med
Peugeot,vhigh,low,3,2,med,high
Peugeot,vhigh,low,4,2,med,high
Peugeot,vhigh,low,4,2,big,high
Peugeot,vhigh,low,4,5,med,med
Peugeot,vhigh,low,5,4,med,med
Peugeot,vhigh,low,5,4,big,low
Peugeot,vhigh,low,5,4,big,med
Peugeot,vhigh,low,5,5,med,high
Peugeot,high,vhigh,2,2,big,high
Peugeot,high,vhigh,2,5,small,high
Peugeot,high,vhigh,2,5,big,high
Peugeot,high,vhigh,3,2,med,low
Peugeot,high,vhigh,3,4,small,med
Peugeot,high,vhigh,3,4,med,low
Peugeot,high,vhigh,3,4,big,high
Peugeot,high,vhigh,3,5,small,med
Peugeot,high,vhigh,4,4,big,high
Peugeot,high,vhigh,5,2,med,med
Peugeot,high,vhigh,5,2,med,high
Peugeot,high,high,3,4,big,med
Peugeot,high,high,3,5,small,low
Peugeot,high,high,3,5,med,high
Peugeot,high,high,4,4,med,low
Peugeot,high,high,4,5,med,low
Peugeot,high,high,5,2,small,low
Peugeot,high,high,5,4,small,low
Peugeot,high,high,5,5,big,high
Peugeot,high,med,2,2,small,med
Peugeot,high,med,2,4,med,low
Peugeot,high,med,2,5,small,low
Peugeot,high,med,3,2,small,low
Peugeot,high,med,3,2,big,high
Peugeot,high,med,4,2,big,high
Peugeot,high,med,4,4,med,low
Peugeot,high,med,4,5,med,high
Peugeot,high,med,5,2,small,low
Peugeot,high,med,5,5,small,low
Peugeot,high,low,2,2,big,med
Peugeot,high,low,3,2,big,med
Peugeot,high,low,3,4,big,med
Peugeot,high,low,3,5,med,low
Peugeot,high,low,4,2,small,low
Peugeot,high,low,4,2,small,high
Peugeot,high,low,4,4,big,high
Peugeot,high,low,4,5,med,med
Peugeot,high,low,4,5,big,high
Peugeot,med,vhigh,2,4,big,high
Peugeot,med,vhigh,3,5,small,med
Peugeot,med,vhigh,3,5,big,high
Peugeot,med,vhigh,4,4,small,low
Peugeot,med,vhigh,4,5,big,med
Peugeot,med,vhigh,5,2,small,high
Peugeot,med,vhigh,5,4,big,high
Peugeot,med,vhigh,5,5,med,low
Peugeot,med,vhigh,5,5,med,med
Peugeot,med,high,2,2,small,low
Peugeot,med,high,2,2,med,low
Peugeot,med,high,2,5,med,low
Peugeot,med,high,3,4,small,low
Peugeot,med,high,3,4,small,high
Peugeot,med,high,3,4,med,high
Peugeot,med,high,3,5,small,high
Peugeot,med,high,3,5,big,low
Peugeot,med,high,4,2,med,low
Peugeot,med,high,4,4,small,med
Peugeot,med,high,4,5,med,low
Peugeot,med,high,5,2,med,med
Peugeot,med,high,5,5,small,low
Peugeot,med,med,2,2,med,med
Peugeot,med,med,2,4,med,low
Peugeot,med,med,2,5,big,high
Peugeot,med,med,3,2,med,low
Peugeot,med,med,3,2,big,high
Peugeot,med,med,3,5,big,high
Peugeot,med,med,4,2,small,high
Peugeot,med,med,4,4,small,med
Peugeot,med,med,4,4,big,med
Peugeot,med,med,4,5,med,low
Peugeot,med,med,4,5,med,high
Peugeot,med,med,5,5,med,med
Peugeot,med,low,2,4,big,high
Peugeot,med,low,2,5,big,low
Peugeot,med,low,3,4,med,low
Peugeot,med,low,4,2,big,high
Peugeot,med,low,4,4,small,med
Peugeot,med,low,4,5,small,low
Peugeot,med,low,4,5,big,low
Peugeot,med,low,5,2,med,low
Peugeot,med,low,5,4,big,high
Peugeot,med,low,5,5,small,low
Peugeot,low,vhigh,2,2,med,high
Peugeot,low,vhigh,2,4,med,low
Peugeot,low,vhigh,2,5,med,low
Peugeot,low,vhigh,2,5,med,med
Peugeot,low,vhigh,3,2,small,med
Peugeot,low,vhigh,3,5,med,low
Peugeot,low,vhigh,4,2,small,med
Peugeot,low,vhigh,4,2,big,low
Peugeot,low,vhigh,4,4,med,low
Peugeot,low,vhigh,4,5,med,high
Peugeot,low,vhigh,4,5,big,low
Peugeot,low,vhigh,5,5,small,high
Peugeot,low,high,2,2,small,high
Peugeot,low,high,2,2,big,low
Peugeot,low,high,2,2,big,med
Peugeot,low,high,2,4,small,high
Peugeot,low,high,3,4,small,med
Peugeot,low,high,3,4,big,high
Peugeot,low,high,3,5,small,low
Peugeot,low,high,4,4,med,low
Peugeot,low,high,4,4,big,low
Peugeot,low,high,4,5,big,high
Peugeot,low,high,5,5,small,low
Peugeot,low,high,5,5,med,high
Peugeot,low,high,5,5,big,med
Peugeot,low,med,2,4,med,high
Peugeot,low,med,3,2,big,high
Peugeot,low,med,3,5,big,low
Peugeot,low,med,4,2,big,med
Peugeot,low,med,4,4,med,high
Peugeot,low,med,4,4,big,low
Peugeot,low,med,5,4,big,low
Peugeot,low,med,5,5,small,high
Peugeot,low,med,5,5,big,high
Peugeot,low,low,2,2,small,med
Peugeot,low,low,2,4,small,low
Peugeot,low,low,2,5,med,med
Peugeot,low,low,3,2,med,low
Peugeot,low,low,3,2,med,med
Peugeot,low,low,3,4,big,high
Peugeot,low,low,3,5,small,low
Peugeot,low,low,3,5,med,med
Peugeot,low,low,3,5,big,low
Peugeot,low,low,4,2,small,low
Peugeot,low,low,4,2,small,high
Peugeot,low,low,4,2,big,low
Peugeot,low,low,4,4,small,low
Peugeot,low,low,4,4,med,med
Peugeot,low,low,4,5,big,high
Peugeot,low,low,5,2,med,low
Peugeot,low,low,5,4,small,high